Date,cmt0.25,cmt2,cmt3,cmt5,cmt7,cmt10
1/8/1988,0.0675,0.079200001,0.081599998,0.084799995,0.088000002,0.089700003
1/15/1988,0.0675,0.076100001,0.078299999,0.081300001,0.084200001,0.086000004
1/22/1988,0.066999998,0.075100002,0.0773,0.080100002,0.0829,0.084899998
1/29/1988,0.065999999,0.072199998,0.0748,0.077600002,0.080600004,0.082600002
2/5/1988,0.064000001,0.070999999,0.073200002,0.076399999,0.079499998,0.081199999
2/12/1988,0.064000001,0.072199998,0.074200001,0.0777,0.080900002,0.082799997
2/19/1988,0.064000001,0.0721,0.073899999,0.0777,0.080799999,0.082600002
2/26/1988,0.064000001,0.071599998,0.073499999,0.076700001,0.079699998,0.081800003
3/4/1988,0.063499999,0.071999998,0.074499998,0.077399998,0.080600004,0.082799997
3/11/1988,0.064000001,0.071999998,0.074299998,0.077600002,0.081099997,0.0829
3/18/1988,0.064000001,0.0723,0.0746,0.078099999,0.082299995,0.084099998
3/25/1988,0.064499998,0.074099998,0.076100001,0.079499998,0.083100004,0.084700003
4/1/1988,0.064499998,0.074099998,0.076599998,0.0804,0.083999996,0.085699997
4/8/1988,0.06625,0.074699998,0.076900001,0.080500002,0.083699999,0.085200005
4/15/1988,0.065999999,0.075999999,0.078499999,0.081999998,0.085299997,0.087399998
4/22/1988,0.066999998,0.076399999,0.078699999,0.082299995,0.085600004,0.087799997
5/6/1988,0.068499999,0.078699999,0.081700001,0.084799995,0.0879,0.090100002
5/13/1988,0.070500002,0.079000001,0.081400003,0.085100002,0.088199997,0.09
5/20/1988,0.070999999,0.080799999,0.083199997,0.086999998,0.090200005,0.092200003
5/27/1988,0.073499999,0.082299995,0.0846,0.0875,0.090600004,0.092399998
6/3/1988,0.073000002,0.080600004,0.082399998,0.085200005,0.088100004,0.089700003
6/10/1988,0.0725,0.079899998,0.081800003,0.084700003,0.087700005,0.089200001
6/17/1988,0.073000002,0.081000004,0.083000002,0.085799999,0.088800001,0.090200005
6/24/1988,0.073499999,0.080299997,0.0821,0.084499998,0.087200003,0.088500004
7/1/1988,0.073499999,0.0798,0.081400003,0.083800001,0.086499996,0.087700005
7/8/1988,0.075,0.0825,0.084099998,0.086400003,0.089200001,0.0904
7/15/1988,0.0775,0.083100004,0.0846,0.086700001,0.089200001,0.090799999
7/22/1988,0.079000001,0.083500004,0.085,0.0871,0.0896,0.091099997
7/29/1988,0.079000001,0.083900003,0.085699997,0.0875,0.089799995,0.091199999
8/5/1988,0.0775,0.084700003,0.086199999,0.087799997,0.089799995,0.091199999
8/12/1988,0.081999998,0.086800003,0.088199997,0.090299997,0.092299995,0.093599997
8/19/1988,0.081499996,0.087399998,0.088599997,0.090500002,0.0921,0.093500004
8/26/1988,0.081999998,0.087799997,0.089200001,0.090699997,0.092600002,0.093800001
9/2/1988,0.081000004,0.084499998,0.085799999,0.086999998,0.088699999,0.09
9/9/1988,0.08,0.084200001,0.085200005,0.086199999,0.088199997,0.089300003
9/16/1988,0.08,0.083999996,0.085299997,0.086499996,0.088199997,0.089300003
9/23/1988,0.079499998,0.084700003,0.085600004,0.086899996,0.088599997,0.089700003
9/30/1988,0.081000004,0.084300003,0.085200005,0.086099997,0.087799997,0.088699999
10/7/1988,0.081999998,0.082600002,0.083400002,0.084300003,0.086099997,0.086999998
10/14/1988,0.081999998,0.083299999,0.084300003,0.085200005,0.086999998,0.088100004
10/21/1988,0.0825,0.083999996,0.0846,0.0854,0.087200003,0.088299999
10/28/1988,0.0825,0.082700005,0.083500004,0.083999996,0.085699997,0.086899996
11/4/1988,0.0825,0.083900003,0.085200005,0.085799999,0.0871,0.088500004
11/11/1988,0.083500004,0.086000004,0.086400003,0.087200003,0.088400002,0.088999996
11/18/1988,0.086000004,0.087700005,0.088299999,0.089099998,0.089899998,0.090500002
11/25/1988,0.086999998,0.089799995,0.090299997,0.090699997,0.091400003,0.091700001
12/2/1988,0.088999996,0.091199999,0.091300001,0.091099997,0.091700001,0.091800003
12/9/1988,0.088999996,0.090299997,0.090500002,0.090500002,0.091000004,0.090699997
12/16/1988,0.09,0.091800003,0.091999998,0.091800003,0.091999998,0.091700001
12/23/1988,0.089499998,0.0904,0.091099997,0.090799999,0.091099997,0.090500002
12/30/1988,0.088500004,0.091400003,0.091800003,0.091400003,0.091800003,0.091400003
1/6/1989,0.088950005,0.093199997,0.093500004,0.093000002,0.093199997,0.0925
1/13/1989,0.09,0.091400003,0.091499996,0.091000004,0.091000004,0.090600004
1/20/1989,0.09,0.091300001,0.091499996,0.091099997,0.090699997,0.090299997
1/27/1989,0.089499998,0.090699997,0.090900002,0.090299997,0.09,0.089499998
2/3/1989,0.090500002,0.092299995,0.091899996,0.091000004,0.090600004,0.090100002
2/10/1989,0.091999998,0.093699999,0.093599997,0.092799997,0.0925,0.091899996
2/17/1989,0.093000002,0.093699999,0.093100004,0.093199997,0.092600002,0.091999998
2/24/1989,0.096499996,0.096599998,0.095100002,0.094899998,0.094499998,0.093800001
3/3/1989,0.0975,0.095,0.093999996,0.093800001,0.093500004,0.093100004
3/10/1989,0.0975,0.096599998,0.096000004,0.094799995,0.093999996,0.093400002
3/17/1989,0.101499996,0.098400002,0.097600002,0.096400003,0.095699997,0.094899998
3/24/1989,0.1,0.098100004,0.097600002,0.096499996,0.095299997,0.094300003
3/31/1989,0.099499998,0.097299995,0.096599998,0.095299997,0.093999996,0.093000002
4/7/1989,0.098500004,0.095699997,0.0954,0.094200001,0.093800001,0.092700005
4/14/1989,0.096999998,0.094300003,0.093999996,0.0929,0.0925,0.091800003
4/21/1989,0.096999998,0.094399996,0.093699999,0.092700005,0.0921,0.091499996
4/28/1989,0.096000004,0.092200003,0.091499996,0.090600004,0.0904,0.090200005
5/5/1989,0.095500002,0.0904,0.0904,0.0896,0.0896,0.089899998
5/12/1989,0.093000002,0.088199997,0.088100004,0.088000002,0.088100004,0.088100004
5/19/1989,0.093500004,0.089399996,0.088900003,0.088199997,0.0875,0.0871
5/26/1989,0.093500004,0.088900003,0.088599997,0.087200003,0.0871,0.086599998
6/2/1989,0.091499996,0.085200005,0.084700003,0.084200001,0.084499998,0.084300003
6/9/1989,0.089499998,0.082799997,0.082299995,0.081599998,0.081700001,0.081499996
6/16/1989,0.091000004,0.085299997,0.084799995,0.083999996,0.083800001,0.083500004
6/23/1989,0.091000004,0.083900003,0.083400002,0.082700005,0.0829,0.0825
6/30/1989,0.088999996,0.080799999,0.080500002,0.080299997,0.081000004,0.081000004
7/7/1989,0.086999998,0.078299999,0.078499999,0.078600001,0.08,0.080200005
7/14/1989,0.085500002,0.078299999,0.078099999,0.078400002,0.079200001,0.0804
7/21/1989,0.085,0.079099998,0.079099998,0.078899999,0.079699998,0.080699997
7/28/1989,0.084799995,0.075599999,0.076199999,0.075999999,0.077199998,0.078699999
8/4/1989,0.083999996,0.079200001,0.0798,0.079400001,0.079499998,0.08
8/11/1989,0.084499998,0.081199999,0.081000004,0.081000004,0.080799999,0.080900002
8/18/1989,0.086000004,0.082600002,0.082399998,0.081999998,0.081700001,0.081499996
8/25/1989,0.086499996,0.083400002,0.083199997,0.082299995,0.082399998,0.0821
9/1/1989,0.086499996,0.083699999,0.083199997,0.081800003,0.082299995,0.081899996
9/8/1989,0.086999998,0.082700005,0.082299995,0.081400003,0.081899996,0.081400003
9/15/1989,0.085500002,0.080600004,0.080299997,0.080100002,0.080900002,0.080900002
9/22/1989,0.086000004,0.083400002,0.082700005,0.081999998,0.082600002,0.082200003
9/29/1989,0.086999998,0.0846,0.0846,0.083599997,0.083999996,0.083100004
10/6/1989,0.086499996,0.081000004,0.080799999,0.080100002,0.080799999,0.080299997
10/13/1989,0.085,0.076900001,0.0779,0.0779,0.078499999,0.078699999
10/20/1989,0.083999996,0.079200001,0.0796,0.079299998,0.0798,0.0798
10/27/1989,0.083500004,0.078699999,0.079200001,0.078699999,0.079499998,0.079400001
11/3/1989,0.084499998,0.080100002,0.080200005,0.079299998,0.079499998,0.0796
11/10/1989,0.083000002,0.078299999,0.078200002,0.078499999,0.078800001,0.079200001
11/17/1989,0.081499996,0.0777,0.0775,0.078200002,0.078699999,0.078800001
11/24/1989,0.080500002,0.076399999,0.076300001,0.076999998,0.077600002,0.078000002
12/1/1989,0.081499996,0.076999998,0.076999998,0.076999998,0.0779,0.078099999
12/8/1989,0.081999998,0.077800002,0.0777,0.0773,0.078299999,0.078200002
12/15/1989,0.081999998,0.0775,0.076999998,0.076999998,0.078200002,0.078000002
12/22/1989,0.081000004,0.077399998,0.0777,0.0775,0.078600001,0.078200002
12/29/1989,0.081499996,0.078699999,0.078699999,0.078600001,0.079699998,0.079299998
1/5/1990,0.080500002,0.079000001,0.079400001,0.079200001,0.080299997,0.079899998
1/12/1990,0.079499998,0.079299998,0.0798,0.079899998,0.080699997,0.081000004
1/19/1990,0.081499996,0.081999998,0.082299995,0.081999998,0.082399998,0.082600002
1/26/1990,0.081000004,0.082799997,0.083800001,0.083800001,0.084499998,0.084899998
2/2/1990,0.081000004,0.083699999,0.084300003,0.084200001,0.0846,0.085
2/9/1990,0.081000004,0.0825,0.082399998,0.0829,0.083400002,0.083100004
2/16/1990,0.081000004,0.083599997,0.083400002,0.084099998,0.084300003,0.084200001
2/23/1990,0.081000004,0.084300003,0.084499998,0.084700003,0.085600004,0.085299997
3/2/1990,0.081499996,0.084799995,0.085,0.085,0.085699997,0.0854
3/9/1990,0.081499996,0.087299995,0.0871,0.086800003,0.0871,0.086499996
3/16/1990,0.081999998,0.086400003,0.086199999,0.086099997,0.086400003,0.085900002
3/23/1990,0.081999998,0.086099997,0.085900002,0.0854,0.085900002,0.085200005
3/30/1990,0.081999998,0.086400003,0.086899996,0.086499996,0.086999998,0.086499996
4/6/1990,0.081999998,0.085200005,0.085799999,0.085500002,0.086099997,0.085600004
4/13/1990,0.081499996,0.085699997,0.086300001,0.086199999,0.086499996,0.086400003
4/20/1990,0.081999998,0.088199997,0.088800001,0.088800001,0.089499998,0.089499998
4/27/1990,0.083500004,0.089799995,0.090699997,0.090600004,0.090900002,0.090600004
5/4/1990,0.081999998,0.086999998,0.087700005,0.088000002,0.088299999,0.088400002
5/11/1990,0.081499996,0.085500002,0.085799999,0.086400003,0.086800003,0.086400003
5/18/1990,0.081000004,0.086300001,0.086899996,0.087399998,0.0879,0.0875
5/25/1990,0.081000004,0.085299997,0.085900002,0.086099997,0.0871,0.086899996
6/1/1990,0.08,0.083299999,0.083599997,0.083800001,0.084700003,0.084399996
6/8/1990,0.08,0.083299999,0.083800001,0.084200001,0.085100002,0.0846
6/15/1990,0.08,0.083299999,0.083699999,0.084099998,0.084899998,0.0846
6/22/1990,0.080500002,0.083999996,0.084300003,0.0846,0.085500002,0.085100002
6/29/1990,0.080500002,0.082399998,0.083199997,0.083500004,0.0846,0.084300003
7/6/1990,0.080500002,0.083199997,0.084099998,0.084399996,0.085600004,0.085100002
7/13/1990,0.080500002,0.081300001,0.0825,0.083199997,0.084300003,0.084499998
7/20/1990,0.079000001,0.080799999,0.081800003,0.082799997,0.084300003,0.084799995
7/27/1990,0.078499999,0.08,0.081499996,0.0825,0.083599997,0.084200001
8/3/1990,0.075999999,0.0779,0.0798,0.081099997,0.083199997,0.084300003
8/10/1990,0.0775,0.079499998,0.081199999,0.083500004,0.085799999,0.086800003
8/17/1990,0.078000002,0.081099997,0.082700005,0.084899998,0.086800003,0.088000002
8/24/1990,0.079000001,0.083199997,0.085,0.0875,0.089399996,0.090500002
8/31/1990,0.0775,0.080699997,0.082600002,0.085,0.087700005,0.088599997
9/7/1990,0.0775,0.0804,0.082200003,0.084499998,0.087200003,0.088100004
9/14/1990,0.078000002,0.080299997,0.082299995,0.084799995,0.0875,0.088699999
9/21/1990,0.079000001,0.081199999,0.083100004,0.085799999,0.088699999,0.089899998
9/28/1990,0.078499999,0.080200005,0.081899996,0.084700003,0.087299995,0.088199997
10/5/1990,0.078000002,0.078099999,0.08,0.082700005,0.0854,0.086499996
10/12/1990,0.078000002,0.079400001,0.081599998,0.084399996,0.086999998,0.088400002
10/19/1990,0.078000002,0.078499999,0.080200005,0.0825,0.084899998,0.086199999
10/26/1990,0.0775,0.078000002,0.079699998,0.082299995,0.084799995,0.086300001
11/2/1990,0.076999998,0.076799998,0.078800001,0.081599998,0.084200001,0.085699997
11/9/1990,0.076500001,0.076100001,0.0775,0.081000004,0.083599997,0.084899998
11/16/1990,0.075,0.075799999,0.076900001,0.0796,0.081999998,0.083000002
11/23/1990,0.075500002,0.075300002,0.076300001,0.079200001,0.081599998,0.082799997
11/30/1990,0.075999999,0.075300002,0.076700001,0.079099998,0.081800003,0.082600002
12/7/1990,0.073000002,0.073299999,0.074499998,0.076700001,0.0796,0.080299997
12/14/1990,0.071999998,0.073499999,0.074699998,0.077399998,0.079699998,0.080500002
12/21/1990,0.07,0.073000002,0.0746,0.0775,0.080299997,0.081099997
12/28/1990,0.070500002,0.0725,0.0748,0.077800002,0.080799999,0.081400003
1/4/1991,0.069499998,0.071700001,0.073699999,0.076500001,0.079400001,0.080200005
1/11/1991,0.0675,0.071399999,0.074000001,0.0779,0.080600004,0.081999998
1/18/1991,0.068000002,0.071399999,0.073800001,0.076799998,0.079200001,0.080299997
1/25/1991,0.065999999,0.070999999,0.073600001,0.076700001,0.079299998,0.080600004
2/1/1991,0.063499999,0.068299999,0.070999999,0.074499998,0.0775,0.079099998
2/8/1991,0.0627,0.068000002,0.069899998,0.074000001,0.076599998,0.0777
2/15/1991,0.061999998,0.068200002,0.0702,0.074099998,0.076700001,0.077800002
2/22/1991,0.0625,0.0698,0.0721,0.075700002,0.078200002,0.079099998
3/1/1991,0.063000002,0.071799998,0.074099998,0.077800002,0.08,0.081199999
3/8/1991,0.063000002,0.070799999,0.073499999,0.0777,0.080100002,0.081300001
3/15/1991,0.060999999,0.070100002,0.072600002,0.0773,0.0798,0.081000004
3/22/1991,0.060999999,0.071300001,0.073899999,0.078200002,0.080299997,0.081300001
3/29/1991,0.060500002,0.0702,0.073000002,0.0773,0.0796,0.080500002
4/5/1991,0.058499999,0.0696,0.071999998,0.076500001,0.078899999,0.079899998
4/12/1991,0.0575,0.068800001,0.071799998,0.076399999,0.078600001,0.0798
4/19/1991,0.059000001,0.070300002,0.0727,0.078000002,0.079899998,0.081000004
4/26/1991,0.05875,0.068899999,0.0723,0.076799998,0.079299998,0.080600004
5/3/1991,0.0575,0.068000002,0.071599998,0.076700001,0.079099998,0.0804
5/10/1991,0.0575,0.068699999,0.071700001,0.077600002,0.08,0.081199999
5/17/1991,0.058000002,0.068600001,0.071399999,0.0777,0.0798,0.080799999
5/24/1991,0.058000002,0.066900001,0.070999999,0.076799998,0.079699998,0.081000004
5/31/1991,0.058000002,0.066799998,0.070999999,0.076900001,0.079200001,0.080600004
6/7/1991,0.058000002,0.0698,0.074299998,0.0796,0.081800003,0.0829
6/14/1991,0.058499999,0.0702,0.074299998,0.079400001,0.081700001,0.0829
6/21/1991,0.059000001,0.069400001,0.074099998,0.079499998,0.081999998,0.083199997
6/28/1991,0.058000002,0.069000001,0.073299999,0.079000001,0.081400003,0.082399998
7/5/1991,0.058000002,0.0704,0.0748,0.080100002,0.082299995,0.083400002
7/12/1991,0.058000002,0.068800001,0.073600001,0.079000001,0.081300001,0.082600002
7/19/1991,0.058000002,0.068899999,0.073699999,0.079099998,0.081499996,0.082799997
7/26/1991,0.058499999,0.068499999,0.073000002,0.078200002,0.080600004,0.081999998
8/2/1991,0.058000002,0.066900001,0.070599999,0.076199999,0.079000001,0.080600004
8/9/1991,0.0552,0.064899998,0.068600001,0.075100002,0.078200002,0.0798
8/16/1991,0.055700002,0.063099999,0.066900001,0.073299999,0.076599998,0.078400002
8/23/1991,0.054499998,0.0646,0.067800002,0.073899999,0.0771,0.078800001
8/30/1991,0.054299998,0.063600001,0.066799998,0.073400002,0.076700001,0.078200002
9/6/1991,0.054299998,0.062600002,0.066199999,0.072399998,0.075999999,0.077600002
9/13/1991,0.053000002,0.061799998,0.065100002,0.071300001,0.0748,0.076599998
9/20/1991,0.053499999,0.061799998,0.064400001,0.070900002,0.074000001,0.075700002
9/27/1991,0.053499999,0.0602,0.063099999,0.069499998,0.073099999,0.074899998
10/4/1991,0.053000002,0.059099998,0.061999998,0.068099999,0.071799998,0.073899999
10/11/1991,0.051500001,0.059099998,0.062199998,0.068400002,0.071900001,0.074899998
10/18/1991,0.051999998,0.059499998,0.062399998,0.068800001,0.072199998,0.075300002
10/25/1991,0.051999998,0.059299998,0.062800002,0.0696,0.073600001,0.076799998
11/1/1991,0.050799999,0.056500001,0.0602,0.0671,0.071599998,0.0748
11/8/1991,0.048000002,0.056300001,0.0596,0.066599998,0.070799999,0.074099998
11/15/1991,0.048499999,0.0554,0.058800001,0.065799999,0.069899998,0.073299999
11/22/1991,0.048800001,0.054899998,0.058200002,0.065599999,0.0702,0.074400001
11/29/1991,0.048800001,0.053800001,0.057600002,0.0648,0.069899998,0.073800001
12/6/1991,0.044499998,0.051900001,0.055799999,0.063099999,0.068099999,0.072600002
12/13/1991,0.044000001,0.050900002,0.0546,0.063000002,0.0679,0.072199998
12/20/1991,0.04,0.048000002,0.051999998,0.0602,0.065900002,0.069699998
12/27/1991,0.039000001,0.048499999,0.051500001,0.06,0.065,0.068200002
1/3/1992,0.04,0.048000002,0.051900001,0.060500002,0.0654,0.068499999
1/10/1992,0.038199999,0.048499999,0.052199998,0.060999999,0.0654,0.068499999
1/17/1992,0.039000001,0.0502,0.0546,0.063600001,0.068099999,0.070900002
1/24/1992,0.039000001,0.051300001,0.056199999,0.064000001,0.068899999,0.0725
1/31/1992,0.0395,0.051100001,0.056500001,0.064400001,0.069200001,0.073099999
2/7/1992,0.038,0.049699998,0.055100002,0.064000001,0.068000002,0.071999998
2/14/1992,0.038800001,0.0525,0.057600002,0.066300001,0.0698,0.073899999
2/21/1992,0.0395,0.0546,0.059299998,0.0677,0.070999999,0.074499998
2/28/1992,0.04,0.0527,0.0575,0.065799999,0.069499998,0.0727
3/6/1992,0.040500002,0.055999999,0.060500002,0.068499999,0.071799998,0.0748
3/13/1992,0.040500002,0.058600001,0.063699999,0.071399999,0.074400001,0.0771
3/20/1992,0.040500002,0.058600001,0.063600001,0.071199999,0.073800001,0.076399999
3/27/1992,0.040500002,0.056799998,0.062199998,0.069699998,0.0727,0.0754
4/3/1992,0.040500002,0.053699999,0.059299998,0.067600002,0.071300001,0.074200001
4/10/1992,0.038,0.051599998,0.057199998,0.066199999,0.070300002,0.073699999
4/17/1992,0.036500001,0.053400002,0.059000001,0.067600002,0.071100001,0.074499998
4/24/1992,0.0375,0.053299999,0.059899998,0.068499999,0.0721,0.075500002
5/1/1992,0.0375,0.053299999,0.059699998,0.068200002,0.071999998,0.075599999
5/8/1992,0.037,0.0529,0.058800001,0.0673,0.070900002,0.074099998
5/15/1992,0.037,0.051100001,0.056999998,0.065999999,0.0696,0.072800002
5/22/1992,0.037,0.052399998,0.058099999,0.066900001,0.070500002,0.073499999
5/29/1992,0.038,0.051900001,0.0575,0.066100001,0.07,0.073299999
6/5/1992,0.0375,0.051300001,0.056999998,0.065500002,0.0696,0.073099999
6/12/1992,0.037,0.050599999,0.056100001,0.064899998,0.069400001,0.0729
6/19/1992,0.0372,0.05,0.0554,0.064499998,0.068699999,0.072399998
6/26/1992,0.036800001,0.048800001,0.054200001,0.063299999,0.067800002,0.071500001
7/3/1992,0.034000001,0.045500002,0.051500001,0.0602,0.065300002,0.069299998
7/10/1992,0.0325,0.043800001,0.049499998,0.059200001,0.064299998,0.069299998
7/17/1992,0.0325,0.0427,0.048299999,0.058200002,0.063800001,0.069000001
7/24/1992,0.0325,0.0425,0.0477,0.056599998,0.061999998,0.0673
7/31/1992,0.0323,0.044200001,0.049699998,0.058400002,0.0627,0.067199998
8/7/1992,0.0323,0.041799998,0.0471,0.055599999,0.060799999,0.065700002
8/14/1992,0.0323,0.041399999,0.046700001,0.0554,0.060599999,0.065300002
8/21/1992,0.0323,0.041300001,0.046300001,0.0554,0.060799999,0.065300002
8/28/1992,0.0325,0.041599998,0.047199998,0.055999999,0.061799998,0.066300001
9/4/1992,0.029000001,0.038900001,0.043800001,0.053000002,0.059000001,0.064000001
9/11/1992,0.029000001,0.038699999,0.043899999,0.053299999,0.059099998,0.063699999
9/18/1992,0.0295,0.038599999,0.044000001,0.054099998,0.059699998,0.064099998
9/25/1992,0.0295,0.0378,0.043099999,0.053299999,0.0596,0.064099998
10/2/1992,0.029000001,0.0371,0.041999998,0.052199998,0.058400002,0.062600002
10/9/1992,0.0295,0.04,0.045,0.055,0.060799999,0.0652
10/16/1992,0.0305,0.0404,0.045999999,0.055700002,0.061199999,0.065999999
10/23/1992,0.031500001,0.043699999,0.0498,0.059099998,0.064099998,0.068299999
10/30/1992,0.031500001,0.044000001,0.0498,0.059000001,0.063600001,0.068000002
11/6/1992,0.03,0.0448,0.050700002,0.0602,0.0654,0.069699998
11/13/1992,0.031300001,0.0454,0.050900002,0.059899998,0.064400001,0.068200002
11/20/1992,0.033499999,0.046599998,0.051999998,0.060799999,0.0648,0.068400002
11/27/1992,0.033499999,0.0477,0.053600001,0.062199998,0.065999999,0.069299998
12/4/1992,0.033499999,0.046999998,0.0527,0.061100001,0.065100002,0.068400002
12/11/1992,0.0325,0.047800002,0.0529,0.060999999,0.0648,0.068000002
12/18/1992,0.0325,0.046599998,0.051999998,0.060700002,0.064400001,0.067600002
12/25/1992,0.0325,0.045999999,0.051300001,0.0602,0.064000001,0.066900001
1/1/1993,0.032,0.045599999,0.051199999,0.0604,0.064299998,0.066999998
1/8/1993,0.032,0.045,0.050599999,0.059699998,0.064400001,0.0675
1/15/1993,0.030999999,0.043099999,0.048800001,0.058000002,0.062399998,0.065999999
1/22/1993,0.0305,0.043000002,0.048499999,0.0577,0.061799998,0.065700002
1/29/1993,0.0305,0.041999998,0.047199998,0.055700002,0.06,0.063899999
2/5/1993,0.0305,0.040700002,0.045799999,0.054200001,0.058800001,0.063200002
2/12/1993,0.0305,0.041999998,0.046999998,0.055700002,0.06,0.063499999
2/19/1993,0.0305,0.0399,0.044400001,0.053000002,0.057600002,0.061500001
2/26/1993,0.0305,0.039200001,0.043699999,0.0521,0.056700001,0.060300002
3/5/1993,0.030999999,0.039100001,0.043699999,0.051399999,0.055599999,0.059000001
3/12/1993,0.0305,0.041100001,0.045599999,0.053499999,0.058000002,0.061100001
3/19/1993,0.0305,0.0395,0.043800001,0.051700001,0.056500001,0.059499998
3/26/1993,0.03,0.0402,0.045,0.053200002,0.057800002,0.060900002
4/2/1993,0.0305,0.0399,0.0448,0.053099999,0.058299999,0.061599998
4/9/1993,0.0305,0.038499999,0.043000002,0.051300001,0.056199999,0.059699998
4/16/1993,0.03,0.038,0.042600002,0.050799999,0.055100002,0.058899999
4/23/1993,0.0302,0.0375,0.0421,0.050599999,0.054899998,0.058899999
4/30/1993,0.0298,0.038299999,0.043000002,0.051399999,0.056300001,0.060500002
5/7/1993,0.03,0.0379,0.0425,0.0504,0.055700002,0.059200001
5/14/1993,0.03,0.0397,0.043800001,0.0521,0.056700001,0.060300002
5/21/1993,0.03,0.041399999,0.045300002,0.053400002,0.057800002,0.061599998
5/28/1993,0.0305,0.042399998,0.046300001,0.053699999,0.058000002,0.061599998
6/4/1993,0.0305,0.043099999,0.046700001,0.053600001,0.0575,0.061100001
6/11/1993,0.031500001,0.041500001,0.045300002,0.052199998,0.056100001,0.059699998
6/18/1993,0.030999999,0.041199999,0.0448,0.051999998,0.055700002,0.059299998
6/25/1993,0.032,0.040999999,0.044499998,0.051300001,0.055100002,0.058400002
7/2/1993,0.0305,0.039300001,0.043099999,0.0498,0.054200001,0.057600002
7/9/1993,0.0305,0.0398,0.043400002,0.05,0.054200001,0.057600002
7/16/1993,0.030699999,0.0399,0.043400002,0.049899998,0.053600001,0.0571
7/23/1993,0.030999999,0.0425,0.046199999,0.052800002,0.056599998,0.059499998
7/30/1993,0.031400001,0.041300001,0.045,0.051599998,0.055,0.058299999
8/6/1993,0.031300001,0.040900002,0.0448,0.051599998,0.0552,0.058600001
8/13/1993,0.031400001,0.04,0.043800001,0.050799999,0.054099998,0.057199998
8/20/1993,0.031300001,0.039300001,0.0429,0.0496,0.052800002,0.056100001
8/27/1993,0.030999999,0.038699999,0.041999998,0.048299999,0.051300001,0.0548
9/3/1993,0.030799999,0.0371,0.0404,0.046500001,0.050100002,0.053099999
9/10/1993,0.030799999,0.038,0.041100001,0.046700001,0.050100002,0.0529
9/17/1993,0.030899999,0.038900001,0.041900001,0.0475,0.051100001,0.053800001
9/24/1993,0.030799999,0.039000001,0.042199998,0.048099999,0.051399999,0.054200001
10/1/1993,0.0304,0.038399999,0.041799998,0.047199998,0.050300002,0.053400002
10/8/1993,0.030899999,0.0378,0.040900002,0.046100001,0.0496,0.052600002
10/15/1993,0.030799999,0.038099999,0.040599999,0.045700002,0.049000001,0.051900001
10/22/1993,0.030999999,0.039100001,0.0423,0.047600002,0.051500001,0.054200001
10/29/1993,0.031500001,0.0399,0.043000002,0.048299999,0.051900001,0.054299998
11/5/1993,0.031300001,0.041999998,0.045300002,0.051100001,0.055,0.0575
11/12/1993,0.031300001,0.041100001,0.044499998,0.0502,0.053899999,0.056599998
11/19/1993,0.032,0.042199998,0.045799999,0.051599998,0.0554,0.058400002
11/26/1993,0.031800001,0.041599998,0.0452,0.050799999,0.054899998,0.057800002
12/3/1993,0.032,0.042399998,0.045900002,0.051599998,0.0552,0.058000002
12/10/1993,0.031600001,0.0421,0.045300002,0.051300001,0.054499998,0.0573
12/17/1993,0.031500001,0.041999998,0.0454,0.051700001,0.0552,0.058099999
12/24/1993,0.031800001,0.041799998,0.044899998,0.050999999,0.054200001,0.057199998
12/31/1993,0.030999999,0.0425,0.045799999,0.0521,0.055300002,0.058299999
1/7/1994,0.032,0.040900002,0.044299998,0.050300002,0.053899999,0.056999998
1/14/1994,0.030799999,0.041700001,0.045100002,0.051199999,0.0546,0.057800002
1/21/1994,0.030599999,0.040900002,0.044400001,0.050500002,0.053899999,0.0573
1/28/1994,0.030699999,0.040799999,0.044000001,0.049899998,0.053000002,0.056799998
2/4/1994,0.031500001,0.044200001,0.0475,0.053200002,0.056199999,0.059400001
2/11/1994,0.034000001,0.044400001,0.048000002,0.053400002,0.056599998,0.058800001
2/18/1994,0.033599999,0.045700002,0.049400001,0.0552,0.058699999,0.060900002
2/25/1994,0.034200001,0.047199998,0.050799999,0.056500001,0.06,0.0621
3/4/1994,0.035,0.048800001,0.0529,0.058200002,0.061599998,0.063800001
3/11/1994,0.035,0.049499998,0.053400002,0.058899999,0.0625,0.0646
3/18/1994,0.035,0.050300002,0.054200001,0.059699998,0.063000002,0.064899998
3/25/1994,0.036500001,0.050999999,0.0552,0.060799999,0.064200001,0.066100001
4/8/1994,0.035999999,0.054299998,0.059099998,0.0646,0.0679,0.069400001
4/15/1994,0.036500001,0.055100002,0.059499998,0.065,0.0679,0.069699998
4/22/1994,0.039200001,0.056199999,0.0604,0.065300002,0.0673,0.069299998
4/29/1994,0.038800001,0.0573,0.061599998,0.066399999,0.068800001,0.070500002
5/6/1994,0.043000002,0.061199999,0.065,0.069499998,0.071900001,0.073499999
5/13/1994,0.043000002,0.060500002,0.064299998,0.068899999,0.071399999,0.0729
5/20/1994,0.0425,0.058000002,0.061399999,0.065900002,0.068200002,0.0702
5/27/1994,0.043000002,0.059699998,0.063200002,0.0673,0.069200001,0.071199999
6/3/1994,0.043499999,0.058400002,0.061900001,0.065900002,0.067800002,0.0698
6/10/1994,0.043400002,0.058499999,0.061700001,0.065999999,0.068200002,0.070300002
6/17/1994,0.043000002,0.058800001,0.062399998,0.0671,0.069299998,0.071399999
6/24/1994,0.043200002,0.060599999,0.063800001,0.068099999,0.070500002,0.072199998
7/1/1994,0.045,0.061900001,0.065300002,0.069499998,0.071900001,0.073400002
7/8/1994,0.044000001,0.0625,0.065900002,0.0704,0.0727,0.074200001
7/15/1994,0.044000001,0.0604,0.064099998,0.068400002,0.070599999,0.0725
7/22/1994,0.044000001,0.061500001,0.064899998,0.069200001,0.070999999,0.0729
7/29/1994,0.044000001,0.059899998,0.063299999,0.0673,0.069200001,0.071199999
8/5/1994,0.044499998,0.061799998,0.065500002,0.069299998,0.071100001,0.072800002
8/12/1994,0.046399999,0.062199998,0.065700002,0.069400001,0.071199999,0.0727
8/19/1994,0.047199998,0.0623,0.065500002,0.069200001,0.070999999,0.0727
8/26/1994,0.0475,0.0621,0.0648,0.068699999,0.070700002,0.072399998
9/2/1994,0.0475,0.061700001,0.064499998,0.068200002,0.070100002,0.0721
9/9/1994,0.048000002,0.063499999,0.066599998,0.070599999,0.072600002,0.074400001
9/16/1994,0.048000002,0.064200001,0.067199998,0.071300001,0.073400002,0.0752
9/23/1994,0.048499999,0.0652,0.068299999,0.071999998,0.074000001,0.075700002
9/30/1994,0.051500001,0.066199999,0.069200001,0.072800002,0.0746,0.076199999
10/7/1994,0.051999998,0.066500001,0.069699998,0.073400002,0.0754,0.076999998
10/14/1994,0.050500002,0.065700002,0.069099998,0.072600002,0.074499998,0.076100001
10/21/1994,0.053000002,0.068000002,0.071100001,0.0746,0.076300001,0.078099999
10/28/1994,0.053000002,0.068200002,0.070999999,0.0748,0.076500001,0.078200002
11/4/1994,0.051999998,0.070500002,0.073699999,0.077199998,0.078800001,0.0804
11/11/1994,0.0525,0.070599999,0.074000001,0.076900001,0.078400002,0.0798
11/18/1994,0.055500002,0.0723,0.0752,0.0779,0.079099998,0.080100002
11/25/1994,0.056500001,0.071900001,0.074400001,0.076500001,0.0771,0.078000002
12/2/1994,0.058000002,0.074400001,0.075900002,0.0771,0.0777,0.078099999
12/9/1994,0.06,0.075300002,0.076700001,0.077399998,0.0777,0.0779
12/16/1994,0.060999999,0.075900002,0.0771,0.077600002,0.078000002,0.078099999
12/23/1994,0.059499998,0.077399998,0.078200002,0.078600001,0.078600001,0.078499999
12/30/1994,0.0575,0.076900001,0.078000002,0.078299999,0.078400002,0.078400002
1/6/1995,0.060599999,0.076399999,0.078099999,0.078699999,0.078899999,0.078699999
1/13/1995,0.059299998,0.073899999,0.075500002,0.076399999,0.0771,0.076900001
1/20/1995,0.0596,0.075,0.076999998,0.078000002,0.078400002,0.078200002
1/27/1995,0.060300002,0.0729,0.0746,0.075999999,0.076300001,0.076599998
2/3/1995,0.0602,0.071399999,0.073000002,0.074000001,0.074400001,0.074899998
2/10/1995,0.060500002,0.073299999,0.074699998,0.075500002,0.076100001,0.076199999
2/17/1995,0.0604,0.070700002,0.071999998,0.073299999,0.074099998,0.074299998
2/24/1995,0.0596,0.068899999,0.07,0.071599998,0.073000002,0.073299999
3/3/1995,0.0598,0.068899999,0.070300002,0.071900001,0.0729,0.073600001
3/10/1995,0.060500002,0.068299999,0.069400001,0.070700002,0.071500001,0.0723
3/17/1995,0.06,0.066900001,0.068099999,0.069699998,0.070599999,0.071199999
3/24/1995,0.059899998,0.066399999,0.0675,0.069299998,0.0704,0.070900002
3/31/1995,0.0604,0.068000002,0.069200001,0.070799999,0.071700001,0.071999998
4/7/1995,0.06,0.066500001,0.067600002,0.069299998,0.070300002,0.071100001
4/14/1995,0.06,0.065100002,0.066399999,0.068200002,0.069099998,0.070300002
4/21/1995,0.0598,0.064400001,0.065500002,0.0677,0.068699999,0.070100002
4/28/1995,0.0602,0.065999999,0.067199998,0.068800001,0.069499998,0.070700002
5/5/1995,0.0598,0.061599998,0.0627,0.064200001,0.065500002,0.066900001
5/12/1995,0.060100002,0.061999998,0.063099999,0.0646,0.065500002,0.066700001
5/19/1995,0.059299998,0.061900001,0.062800002,0.064299998,0.065,0.066100001
5/26/1995,0.059400001,0.059699998,0.060500002,0.061799998,0.062800002,0.064000001
6/2/1995,0.055,0.0554,0.056399999,0.058000002,0.059200001,0.060999999
6/9/1995,0.058499999,0.060100002,0.060799999,0.0621,0.063099999,0.064000001
6/16/1995,0.058800001,0.0577,0.058299999,0.0596,0.060900002,0.0621
6/23/1995,0.0575,0.056399999,0.056900001,0.058299999,0.059400001,0.060599999
6/30/1995,0.058000002,0.0579,0.058800001,0.0598,0.061199999,0.0621
7/7/1995,0.056500001,0.0554,0.056100001,0.057399998,0.059400001,0.0604
7/14/1995,0.055500002,0.056999998,0.057800002,0.058899999,0.060700002,0.061500001
7/21/1995,0.056500001,0.059499998,0.061100001,0.062600002,0.064000001,0.065300002
7/28/1995,0.056799998,0.059200001,0.060900002,0.062199998,0.064000001,0.064899998
8/4/1995,0.056599998,0.059099998,0.060599999,0.061999998,0.063899999,0.065
8/11/1995,0.056500001,0.060500002,0.061900001,0.063699999,0.0654,0.065900002
8/18/1995,0.055999999,0.061300001,0.062399998,0.063600001,0.065100002,0.065700002
8/25/1995,0.055999999,0.059000001,0.060100002,0.061300001,0.063000002,0.063800001
9/1/1995,0.056500001,0.057800002,0.058899999,0.06,0.061399999,0.062199998
9/8/1995,0.055999999,0.058499999,0.059499998,0.0604,0.061700001,0.062399998
9/15/1995,0.055500002,0.0571,0.058000002,0.059099998,0.060500002,0.061100001
9/22/1995,0.056100001,0.058499999,0.059299998,0.060599999,0.061900001,0.0625
9/29/1995,0.055999999,0.058299999,0.059099998,0.060100002,0.061100001,0.061700001
10/6/1995,0.056500001,0.0573,0.058099999,0.058899999,0.06,0.060599999
10/13/1995,0.056300001,0.056700001,0.057199998,0.058000002,0.058800001,0.059699998
10/20/1995,0.0575,0.057199998,0.0579,0.059000001,0.059899998,0.0604
10/27/1995,0.0575,0.056399999,0.0573,0.058299999,0.059499998,0.060500002
11/3/1995,0.055999999,0.054899998,0.055799999,0.056999998,0.058200002,0.059400001
11/10/1995,0.057199998,0.0552,0.056399999,0.057600002,0.058899999,0.06
11/17/1995,0.056999998,0.0546,0.0554,0.056599998,0.058099999,0.059200001
11/24/1995,0.056500001,0.054899998,0.055599999,0.056999998,0.058400002,0.059099998
12/1/1995,0.057199998,0.053200002,0.053699999,0.054899998,0.056300001,0.0571
12/8/1995,0.055300002,0.053899999,0.054499998,0.055599999,0.056700001,0.0573
12/15/1995,0.055,0.053600001,0.054099998,0.055500002,0.056599998,0.0575
12/22/1995,0.054499998,0.052800002,0.053699999,0.055,0.056199999,0.0571
12/29/1995,0.054699998,0.051799998,0.0525,0.053800001,0.054899998,0.055799999
1/5/1996,0.054200001,0.051999998,0.0529,0.054200001,0.055900002,0.056900001
1/12/1996,0.054099998,0.051700001,0.052600002,0.054000001,0.056399999,0.0575
1/19/1996,0.053000002,0.050300002,0.050999999,0.0527,0.054299998,0.0554
1/26/1996,0.053200002,0.050799999,0.051799998,0.053400002,0.0554,0.056500001
2/2/1996,0.050500002,0.049000001,0.0504,0.052399998,0.054899998,0.056599998
2/9/1996,0.051599998,0.048499999,0.0498,0.0525,0.054899998,0.056599998
2/16/1996,0.050700002,0.049000001,0.050100002,0.0529,0.055799999,0.057600002
2/23/1996,0.0502,0.051300001,0.0529,0.055300002,0.058200002,0.059699998
3/1/1996,0.051300001,0.052600002,0.054000001,0.055999999,0.058600001,0.059899998
3/8/1996,0.051300001,0.0573,0.058800001,0.060500002,0.062800002,0.064099998
3/15/1996,0.051399999,0.058699999,0.060100002,0.061900001,0.064000001,0.0646
3/22/1996,0.051999998,0.057399998,0.058499999,0.060500002,0.062600002,0.063200002
3/29/1996,0.052199998,0.0579,0.059099998,0.060999999,0.063000002,0.063400002
4/5/1996,0.0525,0.060900002,0.062199998,0.064000001,0.065700002,0.065700002
4/12/1996,0.0525,0.0596,0.061199999,0.063099999,0.064899998,0.0652
4/19/1996,0.0523,0.059499998,0.060999999,0.063200002,0.0648,0.065300002
4/26/1996,0.051999998,0.059200001,0.060799999,0.0629,0.064699998,0.0654
5/3/1996,0.052600002,0.061999998,0.063699999,0.066100001,0.068099999,0.069000001
5/10/1996,0.052600002,0.0604,0.0623,0.064499998,0.066500001,0.0675
5/17/1996,0.0529,0.0604,0.061999998,0.064099998,0.065799999,0.066500001
5/24/1996,0.0523,0.060300002,0.061999998,0.064200001,0.065799999,0.066500001
5/31/1996,0.0523,0.0627,0.064400001,0.066399999,0.067800002,0.068499999
6/7/1996,0.053200002,0.064000001,0.065599999,0.0675,0.068699999,0.069299998
6/14/1996,0.053299999,0.0629,0.064899998,0.067199998,0.068699999,0.069499998
6/21/1996,0.053600001,0.063499999,0.0652,0.067399998,0.068699999,0.0696
6/28/1996,0.053499999,0.061100001,0.063000002,0.064699998,0.066100001,0.0673
7/5/1996,0.053099999,0.064400001,0.066199999,0.068200002,0.069499998,0.070599999
7/12/1996,0.053600001,0.062600002,0.064499998,0.066500001,0.067600002,0.068499999
7/19/1996,0.053499999,0.061799998,0.063499999,0.065500002,0.066700001,0.067800002
7/26/1996,0.053499999,0.0625,0.064499998,0.066199999,0.067399998,0.068499999
8/2/1996,0.053600001,0.059099998,0.060900002,0.062600002,0.063800001,0.065100002
8/9/1996,0.052800002,0.059299998,0.060900002,0.0625,0.063699999,0.065
8/16/1996,0.052800002,0.059499998,0.061300001,0.063099999,0.064299998,0.065599999
8/23/1996,0.052800002,0.060900002,0.0627,0.0648,0.066100001,0.067199998
8/30/1996,0.053099999,0.063400002,0.0654,0.0673,0.068600001,0.0696
9/6/1996,0.054200001,0.063299999,0.0652,0.067199998,0.068400002,0.069400001
9/13/1996,0.053800001,0.060999999,0.0629,0.0648,0.066399999,0.067399998
9/20/1996,0.053200002,0.062600002,0.064299998,0.066199999,0.0675,0.068499999
9/27/1996,0.052199998,0.060700002,0.0625,0.064299998,0.065700002,0.066799998
10/4/1996,0.053000002,0.058499999,0.06,0.061999998,0.063600001,0.0648
10/11/1996,0.053000002,0.059200001,0.060900002,0.0629,0.0646,0.065500002
10/18/1996,0.0523,0.058899999,0.060500002,0.0625,0.063899999,0.065
10/25/1996,0.053000002,0.059000001,0.060700002,0.062600002,0.064200001,0.0654
11/1/1996,0.053000002,0.0579,0.059299998,0.061100001,0.062600002,0.063800001
11/8/1996,0.052800002,0.057600002,0.058800001,0.0604,0.061599998,0.0629
11/15/1996,0.053000002,0.056799998,0.0579,0.0596,0.060900002,0.061900001
11/22/1996,0.053000002,0.056900001,0.058000002,0.059400001,0.060500002,0.061500001
11/29/1996,0.053000002,0.055900002,0.056999998,0.058400002,0.059699998,0.060599999
12/6/1996,0.053400002,0.0573,0.058400002,0.0602,0.061599998,0.062600002
12/13/1996,0.053000002,0.0577,0.058899999,0.060599999,0.062199998,0.063299999
12/20/1996,0.053499999,0.058299999,0.059499998,0.061199999,0.0625,0.063499999
12/27/1996,0.05,0.058099999,0.059299998,0.060900002,0.0621,0.063000002
1/3/1997,0.052800002,0.059499998,0.061100001,0.062800002,0.064200001,0.0652
1/10/1997,0.0529,0.060599999,0.0621,0.064000001,0.0652,0.066300001
1/17/1997,0.052800002,0.06,0.061399999,0.063200002,0.0646,0.065599999
1/24/1997,0.0529,0.060700002,0.0621,0.063899999,0.065300002,0.066399999
1/31/1997,0.053499999,0.059400001,0.060799999,0.062600002,0.064000001,0.065300002
2/7/1997,0.052800002,0.058600001,0.06,0.061700001,0.063200002,0.064299998
2/14/1997,0.0525,0.0579,0.059099998,0.060700002,0.061799998,0.062800002
2/21/1997,0.0525,0.058499999,0.0598,0.061599998,0.0627,0.063600001
2/28/1997,0.0527,0.060900002,0.0623,0.063899999,0.065,0.065599999
3/7/1997,0.053000002,0.060999999,0.0625,0.063899999,0.0652,0.065700002
3/14/1997,0.053499999,0.061799998,0.063499999,0.065300002,0.066599998,0.0671
3/21/1997,0.0548,0.0629,0.0646,0.066100001,0.066999998,0.067399998
3/28/1997,0.055799999,0.064499998,0.066100001,0.067600002,0.068800001,0.069000001
4/4/1997,0.055900002,0.064400001,0.066100001,0.067800002,0.069000001,0.069200001
4/11/1997,0.055999999,0.065300002,0.066900001,0.068499999,0.069499998,0.0698
4/18/1997,0.055900002,0.064200001,0.065700002,0.0673,0.068099999,0.068400002
4/25/1997,0.055999999,0.0654,0.066999998,0.068299999,0.069200001,0.069400001
5/2/1997,0.055999999,0.062600002,0.064000001,0.0654,0.066300001,0.066799998
5/9/1997,0.056199999,0.062399998,0.064000001,0.065100002,0.066199999,0.066700001
5/16/1997,0.056100001,0.062800002,0.064099998,0.065500002,0.066399999,0.066999998
5/23/1997,0.055799999,0.0625,0.064099998,0.065900002,0.066799998,0.067399998
5/30/1997,0.055799999,0.062199998,0.063699999,0.065100002,0.066100001,0.066700001
6/6/1997,0.055900002,0.061199999,0.0625,0.063899999,0.0646,0.065100002
6/13/1997,0.055500002,0.060300002,0.061799998,0.063000002,0.063899999,0.064299998
6/20/1997,0.0552,0.0602,0.061399999,0.0627,0.063699999,0.063699999
6/27/1997,0.055500002,0.060300002,0.061999998,0.063499999,0.064299998,0.0646
7/4/1997,0.0548,0.059299998,0.060700002,0.061999998,0.0629,0.063099999
7/11/1997,0.054699998,0.058899999,0.060100002,0.061300001,0.062199998,0.0623
7/18/1997,0.054699998,0.059099998,0.0602,0.061599998,0.0623,0.062399998
7/25/1997,0.054699998,0.058699999,0.059699998,0.060799999,0.061599998,0.061799998
8/1/1997,0.055100002,0.058899999,0.059899998,0.060799999,0.061700001,0.061999998
8/8/1997,0.054499998,0.0602,0.061500001,0.0623,0.063699999,0.063800001
8/15/1997,0.055,0.058699999,0.06,0.060999999,0.0627,0.0627
8/22/1997,0.0548,0.0598,0.060900002,0.0621,0.063600001,0.063800001
8/29/1997,0.055,0.059699998,0.060999999,0.062199998,0.063299999,0.063400002
9/5/1997,0.055300002,0.0598,0.060900002,0.062399998,0.063600001,0.063699999
9/12/1997,0.054899998,0.059299998,0.060300002,0.061700001,0.062800002,0.0629
9/19/1997,0.0548,0.058099999,0.058899999,0.060100002,0.060799999,0.060900002
9/26/1997,0.054899998,0.058000002,0.058899999,0.059899998,0.060799999,0.060799999
10/3/1997,0.054899998,0.057199998,0.0579,0.058899999,0.0602,0.060100002
10/10/1997,0.055100002,0.058600001,0.059200001,0.060300002,0.061700001,0.061500001
10/17/1997,0.055500002,0.059099998,0.0598,0.060799999,0.061900001,0.061700001
10/24/1997,0.055300002,0.0579,0.058600001,0.059400001,0.060500002,0.060100002
10/31/1997,0.0552,0.056300001,0.056999998,0.057199998,0.058699999,0.058400002
11/7/1997,0.055700002,0.0571,0.0577,0.058099999,0.059200001,0.059000001
11/14/1997,0.056300001,0.056999998,0.057399998,0.058000002,0.059000001,0.058600001
11/21/1997,0.055999999,0.056799998,0.056999998,0.0577,0.058400002,0.058200002
11/28/1997,0.056100001,0.057600002,0.058000002,0.058299999,0.058899999,0.058600001
12/5/1997,0.056500001,0.058000002,0.058299999,0.058699999,0.059400001,0.059200001
12/12/1997,0.056999998,0.056300001,0.056700001,0.0571,0.057600002,0.057399998
12/19/1997,0.056999998,0.056599998,0.056700001,0.056999998,0.057399998,0.057199998
12/26/1997,0.056500001,0.056900001,0.057199998,0.057199998,0.0575,0.0575
1/2/1998,0.055599999,0.055900002,0.056199999,0.056300001,0.056799998,0.056700001
1/9/1998,0.054699998,0.051700001,0.051999998,0.052199998,0.053699999,0.054000001
1/16/1998,0.054099998,0.053499999,0.053499999,0.054200001,0.055300002,0.0554
1/23/1998,0.054099998,0.054200001,0.054400001,0.055300002,0.056700001,0.056999998
1/30/1998,0.054099998,0.053200002,0.053499999,0.053899999,0.055100002,0.055300002
2/6/1998,0.054099998,0.053800001,0.054299998,0.0548,0.056100001,0.056199999
2/13/1998,0.054499998,0.053600001,0.053600001,0.054400001,0.055300002,0.054899998
2/20/1998,0.054400001,0.054099998,0.054099998,0.054899998,0.055799999,0.0554
2/27/1998,0.0548,0.055500002,0.055500002,0.055900002,0.056700001,0.056199999
3/6/1998,0.0546,0.055799999,0.055900002,0.056500001,0.057800002,0.0573
3/13/1998,0.054499998,0.055,0.054899998,0.0554,0.056500001,0.055799999
3/20/1998,0.0546,0.0552,0.055,0.055599999,0.056399999,0.055700002
3/27/1998,0.054499998,0.056300001,0.056599998,0.056700001,0.0575,0.056799998
4/3/1998,0.054299998,0.054200001,0.054200001,0.054400001,0.0554,0.054699998
4/10/1998,0.054499998,0.055,0.0552,0.055599999,0.056399999,0.055900002
4/17/1998,0.054400001,0.0554,0.055300002,0.055700002,0.056399999,0.055900002
4/24/1998,0.054400001,0.056100001,0.056199999,0.056500001,0.057199998,0.056700001
5/1/1998,0.054299998,0.055900002,0.056199999,0.056300001,0.057199998,0.056700001
5/8/1998,0.054499998,0.056100001,0.056399999,0.056500001,0.0575,0.0571
5/15/1998,0.055,0.056300001,0.056399999,0.056700001,0.057600002,0.056799998
5/22/1998,0.055,0.056300001,0.056300001,0.056500001,0.057199998,0.056399999
5/29/1998,0.055,0.055300002,0.0554,0.055599999,0.056300001,0.055599999
6/5/1998,0.054499998,0.055799999,0.055900002,0.055999999,0.056300001,0.055799999
6/12/1998,0.0548,0.054299998,0.054299998,0.054299998,0.0548,0.054299998
6/19/1998,0.055,0.0552,0.055,0.0552,0.0554,0.054699998
6/26/1998,0.054899998,0.055100002,0.055300002,0.054899998,0.055300002,0.0546
7/3/1998,0.054299998,0.054400001,0.0546,0.054299998,0.054699998,0.054200001
7/10/1998,0.0546,0.054099998,0.054200001,0.054000001,0.054699998,0.054200001
7/17/1998,0.054699998,0.0546,0.0548,0.054899998,0.055700002,0.055100002
7/24/1998,0.054899998,0.0548,0.054699998,0.0548,0.0552,0.054499998
7/31/1998,0.0552,0.054899998,0.0548,0.0552,0.055599999,0.055
8/7/1998,0.055,0.053400002,0.053299999,0.053899999,0.054400001,0.054000001
8/14/1998,0.055100002,0.053400002,0.053000002,0.053400002,0.054200001,0.054000001
8/21/1998,0.0548,0.0525,0.0523,0.052399998,0.053299999,0.053200002
8/28/1998,0.0552,0.049299998,0.048899999,0.049400001,0.050900002,0.050900002
9/4/1998,0.054499998,0.049099998,0.048400002,0.049000001,0.050100002,0.0502
9/11/1998,0.053499999,0.046799998,0.046500001,0.046500001,0.048099999,0.048499999
9/18/1998,0.053000002,0.046100001,0.045599999,0.045,0.046399999,0.046999998
9/25/1998,0.051399999,0.044299998,0.044099998,0.044000001,0.045300002,0.045999999
10/2/1998,0.050500002,0.041700001,0.041300001,0.040799999,0.0423,0.043099999
10/9/1998,0.050999999,0.041900001,0.043899999,0.0446,0.047800002,0.0477
10/16/1998,0.048000002,0.038599999,0.0404,0.0404,0.044099998,0.044400001
10/23/1998,0.048000002,0.041999998,0.042399998,0.042800002,0.045999999,0.046999998
10/30/1998,0.048000002,0.041199999,0.042399998,0.042399998,0.044699998,0.046399999
11/6/1998,0.0502,0.045900002,0.046500001,0.045799999,0.049200001,0.049299998
11/13/1998,0.05,0.0454,0.045599999,0.045300002,0.047800002,0.048200002
11/20/1998,0.048000002,0.046599998,0.046199999,0.045999999,0.0477,0.048200002
11/27/1998,0.049000001,0.046199999,0.046300001,0.045999999,0.048000002,0.048099999
12/4/1998,0.048400002,0.0446,0.044299998,0.043800001,0.046100001,0.046199999
12/11/1998,0.049000001,0.0446,0.044200001,0.043899999,0.045900002,0.046100001
12/18/1998,0.048000002,0.044499998,0.044299998,0.043800001,0.045799999,0.045799999
12/25/1998,0.048499999,0.047800002,0.047600002,0.047399998,0.048899999,0.048600001
1/1/1999,0.046999998,0.0454,0.045500002,0.045599999,0.0473,0.046500001
1/8/1999,0.0473,0.0471,0.0471,0.047199998,0.049200001,0.048600001
1/15/1999,0.046999998,0.045599999,0.045500002,0.0454,0.047600002,0.046599998
1/22/1999,0.046900001,0.045900002,0.045799999,0.0454,0.0473,0.046399999
1/29/1999,0.046999998,0.045799999,0.045700002,0.045500002,0.047199998,0.046599998
2/5/1999,0.046999998,0.048000002,0.048499999,0.048800001,0.0504,0.049400001
2/12/1999,0.047399998,0.049099998,0.049400001,0.0496,0.051799998,0.050599999
2/19/1999,0.0473,0.049499998,0.049699998,0.049899998,0.051900001,0.050700002
2/26/1999,0.0475,0.051300001,0.051599998,0.0521,0.053899999,0.0529
3/5/1999,0.0475,0.051399999,0.0521,0.052399998,0.054400001,0.053400002
3/12/1999,0.047199998,0.05,0.050599999,0.050799999,0.053099999,0.051599998
3/19/1999,0.0471,0.0504,0.050500002,0.050700002,0.053099999,0.051700001
3/26/1999,0.046999998,0.049899998,0.050500002,0.050999999,0.053499999,0.0521
4/2/1999,0.046999998,0.0496,0.050300002,0.050700002,0.053099999,0.051999998
4/9/1999,0.046500001,0.048800001,0.049099998,0.0496,0.051700001,0.050500002
4/16/1999,0.046300001,0.0502,0.050799999,0.051300001,0.053200002,0.0523
4/23/1999,0.046799998,0.0504,0.050900002,0.051500001,0.053400002,0.052600002
4/30/1999,0.047199998,0.050799999,0.051700001,0.052399998,0.054200001,0.053600001
5/7/1999,0.046599998,0.051900001,0.0527,0.054000001,0.055999999,0.0554
5/14/1999,0.0475,0.053000002,0.053800001,0.0548,0.0571,0.056199999
5/21/1999,0.047199998,0.053000002,0.053699999,0.0546,0.056700001,0.0552
5/28/1999,0.0475,0.054200001,0.055100002,0.055999999,0.058299999,0.056399999
6/4/1999,0.0479,0.055599999,0.056399999,0.0575,0.059699998,0.058200002
6/11/1999,0.047600002,0.056999998,0.057800002,0.059200001,0.061700001,0.0602
6/18/1999,0.049000001,0.055599999,0.056300001,0.0575,0.059499998,0.058400002
6/25/1999,0.049899998,0.0573,0.058099999,0.059099998,0.061799998,0.0602
7/2/1999,0.0498,0.055799999,0.056500001,0.056999998,0.0596,0.058200002
7/9/1999,0.049699998,0.056100001,0.056799998,0.057199998,0.059899998,0.058400002
7/16/1999,0.049499998,0.055,0.055300002,0.055700002,0.058299999,0.056799998
7/23/1999,0.05,0.055799999,0.056500001,0.057199998,0.06,0.058400002
7/30/1999,0.0504,0.056300001,0.056999998,0.058200002,0.060999999,0.059200001
8/6/1999,0.050999999,0.056900001,0.0579,0.059400001,0.062399998,0.0602
8/13/1999,0.051999998,0.0571,0.058099999,0.058800001,0.0621,0.0598
8/20/1999,0.051799998,0.056500001,0.057199998,0.0579,0.060999999,0.058800001
8/27/1999,0.0523,0.056500001,0.057399998,0.0575,0.060500002,0.058499999
9/3/1999,0.0525,0.056399999,0.057199998,0.057800002,0.061199999,0.058899999
9/10/1999,0.0525,0.056399999,0.0575,0.057800002,0.060999999,0.058899999
9/17/1999,0.0525,0.056300001,0.057399998,0.057600002,0.060599999,0.058699999
9/24/1999,0.053299999,0.056300001,0.056999998,0.057600002,0.060599999,0.058699999
10/1/1999,0.053000002,0.0573,0.058299999,0.059000001,0.062199998,0.06
10/8/1999,0.052399998,0.058000002,0.058699999,0.059699998,0.0627,0.0604
10/15/1999,0.052800002,0.058200002,0.058899999,0.059899998,0.063299999,0.060900002
10/22/1999,0.0525,0.0596,0.0602,0.061300001,0.064299998,0.0621
10/29/1999,0.053499999,0.0579,0.059000001,0.059699998,0.061900001,0.0602
11/5/1999,0.053899999,0.057199998,0.058000002,0.058800001,0.060700002,0.059200001
11/12/1999,0.054000001,0.057800002,0.058200002,0.058499999,0.060599999,0.059299998
11/19/1999,0.054200001,0.059200001,0.059699998,0.06,0.0621,0.060700002
11/26/1999,0.0546,0.059899998,0.060300002,0.060599999,0.0625,0.061199999
12/3/1999,0.0554,0.059899998,0.060300002,0.060799999,0.0627,0.061700001
12/10/1999,0.055300002,0.059299998,0.059499998,0.0598,0.061500001,0.060799999
12/17/1999,0.056199999,0.061500001,0.061700001,0.062199998,0.064200001,0.063000002
12/24/1999,0.056799998,0.062399998,0.0627,0.063299999,0.0654,0.064099998
12/31/1999,0.055,0.062399998,0.0629,0.063600001,0.065500002,0.064499998
1/7/2000,0.056700001,0.063099999,0.063499999,0.064200001,0.065799999,0.0652
1/14/2000,0.056700001,0.064400001,0.064899998,0.065900002,0.0671,0.066900001
1/21/2000,0.057199998,0.0648,0.0654,0.066700001,0.068000002,0.0679
1/28/2000,0.0577,0.065799999,0.066199999,0.066799998,0.067199998,0.066599998
2/4/2000,0.058000002,0.066300001,0.066399999,0.066399999,0.066799998,0.065300002
2/11/2000,0.0577,0.066500001,0.0673,0.0677,0.068099999,0.066300001
2/18/2000,0.0577,0.066599998,0.0671,0.067199998,0.067199998,0.064899998
2/25/2000,0.058299999,0.064499998,0.0648,0.065,0.066100001,0.063600001
3/3/2000,0.058000002,0.065,0.065599999,0.065999999,0.066199999,0.063899999
3/10/2000,0.058400002,0.065500002,0.065799999,0.066100001,0.066300001,0.063899999
3/17/2000,0.059299998,0.065,0.064899998,0.064499998,0.064299998,0.061999998
3/24/2000,0.059299998,0.066399999,0.065900002,0.065100002,0.064899998,0.061999998
3/31/2000,0.0602,0.065,0.064400001,0.063200002,0.062800002,0.060300002
4/7/2000,0.060300002,0.063800001,0.063299999,0.061799998,0.061300001,0.058600001
4/14/2000,0.060100002,0.0627,0.0621,0.061100001,0.061599998,0.058499999
4/21/2000,0.060300002,0.063800001,0.063299999,0.062399998,0.0625,0.059899998
4/28/2000,0.0602,0.066799998,0.066399999,0.065599999,0.064899998,0.0623
5/5/2000,0.062800002,0.068400002,0.068099999,0.0677,0.0675,0.065100002
5/12/2000,0.064299998,0.069099998,0.068600001,0.067600002,0.0677,0.065100002
5/19/2000,0.064299998,0.068600001,0.068000002,0.0671,0.067600002,0.065100002
5/26/2000,0.064000001,0.066900001,0.066500001,0.065700002,0.065700002,0.063299999
6/2/2000,0.0648,0.0652,0.0648,0.063699999,0.063899999,0.061500001
6/9/2000,0.064400001,0.065599999,0.065,0.063600001,0.063600001,0.061300001
6/16/2000,0.064299998,0.063800001,0.063200002,0.061900001,0.0621,0.059899998
6/23/2000,0.064400001,0.065500002,0.064899998,0.063699999,0.064200001,0.061900001
6/30/2000,0.064499998,0.063800001,0.063099999,0.061799998,0.0625,0.060300002
